{
  "permissions": [
    "android.permission.WRITE_EXTERNAL_STORAGE",
    "android.permission.READ_PHONE_STATE"
  ],
  "titles": [
    "存储权限申请说明",
    "设备信息权限申请说明"
  ],
  "desc": [
    "用于访问您的存储空间，向您提供游戏资源缓存、下载游戏资源包的服务",
    "为方便您找回丢失的账号密码，保障账号安全，我们将会收集您的设备信息"
  ],
  "notice": [
    "用于访问您的存储空间，向您提供游戏资源缓存、下载游戏资源包的服务，如果拒绝，部分功能可能无法使用",
    "为方便您找回丢失的账号密码，保障账号安全需收集设备信息，如您拒绝，则可能无法找回丢失的账号密码，存在账号风险"
  ],
  "values": [
    false,
    false
  ]
}